{"epoch": 1, "train_loss_epoch": 2.2296934127807617, "train_acc": 0.21666666666666667, "_timestamp": 1684332364.1666691, "_runtime": 83.18718314170837, "_step": 4}