{"epoch": 2, "train_loss_epoch": 2.0676677227020264, "train_acc": 0.38333333333333336, "_timestamp": 1684332239.6645389, "_runtime": 117.4879629611969, "_step": 7}