{"loss": 0.38786834478378296, "_timestamp": 1684334486.8811822, "_runtime": 2108.7008402347565, "_step": 149, "epoch": 49, "train_loss_epoch": 0.38786834478378296, "train_acc": 1.0, "val_loss_epoch": 1.2639381885528564, "val_acc": 0.6333333333333333, "_wandb": {"runtime": 2108}}